{
  "ams_spec_version": "AMS-SEED-MINISPEC-0.2",
  "run_id": "AMS_SEED_COVID_SIM_20260225",
  "checks": [
    {
      "id": "IO-01",
      "result": "PASS",
      "evidence": [
        "covid_seed_idf_timeline.csv",
        "covid_seed_mil_packets.jsonl",
        "covid_seed_tg_audit.jsonl"
      ]
    },
    {
      "id": "DET-01",
      "result": "PASS",
      "evidence": [
        "determinism_hash present in DP"
      ]
    },
    {
      "id": "EVI-01",
      "result": "PASS",
      "evidence": [
        "input_hash & rule_hash in DP"
      ]
    },
    {
      "id": "WORM-01",
      "result": "PASS",
      "evidence": [
        "covid_seed_worm_log.jsonl"
      ]
    },
    {
      "id": "M1",
      "result": "UNDEFINED",
      "evidence": [
        "metrics.fn_per_10k"
      ]
    },
    {
      "id": "M2",
      "result": "OK",
      "evidence": [
        "metrics.recovery_p95_days"
      ]
    },
    {
      "id": "M3",
      "result": "OK",
      "evidence": [
        "metrics.path_consistency_pct"
      ]
    }
  ],
  "overall": "UNDEFINED"
}