{
  "run_id": "AMS_SEED_COVID_SIM_20260225",
  "ams_spec_version": "AMS-SEED-MINISPEC-0.2",
  "engine_version": "ams-seed-engine/0.2.0",
  "dataset": {
    "dataset_name": "Simulated COVID daily cases (seeded waves) with measurement-spec change",
    "dataset_file": "covid_simulated_cases_seed42.csv",
    "dataset_hash": "sha256:4b1a30e185b3a0fff004417bee586e8b208e8a2c7fdce0e32f1675b6a6171998",
    "generator": {
      "numpy_seed": 42,
      "wave_params": [
        [
          100,
          30,
          100
        ],
        [
          200,
          40,
          500
        ],
        [
          350,
          50,
          2000
        ],
        [
          470,
          40,
          5000
        ],
        [
          580,
          40,
          20000
        ],
        [
          740,
          40,
          80000
        ],
        [
          920,
          50,
          150000
        ],
        [
          1080,
          60,
          200000
        ]
      ],
      "date_range": {
        "start": "2020-01-16",
        "end": "2023-06-30"
      },
      "measurement_spec_change": {
        "date": "2023-05-08",
        "effect": "new_cases set to NaN to simulate missing/structural break"
      }
    }
  },
  "window": {
    "grain": "day",
    "from": "2020-01-16",
    "to": "2023-06-30",
    "n_windows": 1262
  },
  "params": {
    "policy_id": "POLICY_IDF_COVID_SEED_0.3",
    "policy_hash": "sha256:0db17e2f642676333bd0561ca1eadc4ffe6ca3acd55a4d47069ac126e2c37cf7",
    "policy_notes": "SEED PoC: stop on uncertainty; stop on surge; staged recovery after 7 stable days."
  },
  "inputs": {
    "kpis": [
      "new_cases",
      "cases_7d_ago",
      "wow_ratio"
    ],
    "quality_kpi": [
      "wow_ratio (growth proxy)"
    ],
    "resource_constraints_table": null
  },
  "seed": 20260225
}