{
  "thresholds": {
    "fn_per_10k_max": 1.0,
    "recovery_p95_days_max": 90.0,
    "path_consistency_pct_min": 99.0,
    "hold_rate_pct_max": 10.0
  },
  "metrics": {
    "fn_per_10k": {
      "value": null,
      "status": "UNDEFINED",
      "reason": "ground_truth_missing"
    },
    "recovery_p95_days": {
      "value": 78.79999999999998,
      "status": "OK"
    },
    "path_consistency_pct": {
      "value": 99.68,
      "status": "OK"
    },
    "hold_rate_pct": {
      "value": 4.28,
      "status": "OK"
    },
    "freeze_rate_pct": {
      "value": 6.58,
      "status": "INFO"
    }
  },
  "provenance": {
    "source": [
      "covid_seed_idf_timeline.csv",
      "covid_seed_mil_packets.jsonl",
      "covid_seed_tg_audit.jsonl"
    ],
    "policy_id": "POLICY_IDF_COVID_SEED_0.3"
  }
}